image_figures,labels_densenet,labels_inception,labels_resnet,labels_vgg16,labels_vgg19
image_figures_0.png,"""tow truck"",","""tractor"",","""tractor"",","""forklift"",","""tow truck"","
image_figures_1.png,"""mobile home"",","""mobile home"",","""mobile home"",","""mobile home"",","""mobile home"","
image_figures_2.png,"""sawmill"",","""horse-drawn vehicle"",","""hay"",","""split-rail fence"",","""bison"","
image_figures_3.png,"""mobile home"",","""yurt"",","""sawmill"",","""mobile home"",","""mobile home"","
image_figures_4.png,"""threshing machine"",","""threshing machine"",","""hartebeest"",","""harvester"",","""barn"","
image_figures_5.png,"""split-rail fence"",","""split-rail fence"",","""bison"",","""split-rail fence"",","""bison"","
image_figures_6.png,"""thatched roof"",","""maypole"",","""solar thermal collector"",","""alp"",","""thatched roof"","
image_figures_7.png,"""lakeshore"",","""stone wall"",","""geyser"",","""megalith"",","""geyser"","
image_figures_8.png,"""pole"",","""traffic sign"",","""mountain bike"",","""traffic light"",","""unicycle"","
image_figures_9.png,"""yurt"",","""shoal"",","""barn"",","""stone wall"",","""mobile home"","
image_figures_10.png,"""garbage truck"",","""garbage truck"",","""garbage truck"",","""tank"",","""amphibious vehicle"","
image_figures_11.png,"""boathouse"",","""shoal"",","""boathouse"",","""apiary"",","""yurt"","
image_figures_12.png,"""lakeshore"",","""balloon"",","""lakeshore"",","""lakeshore"",","""lakeshore"","
image_figures_13.png,"""boathouse"",","""boathouse"",","""split-rail fence"",","""boathouse"",","""split-rail fence"","
image_figures_14.png,"""sawmill"",","""pole"",","""sawmill"",","""valley"",","""geyser"","
image_figures_15.png,"""valley"",","""cliff"",","""valley"",","""valley"",","""valley"","
image_figures_16.png,"""geyser"",","""geyser"",","""lakeshore"",","""lakeshore"",","""seashore"","
image_figures_17.png,"""geyser"",","""geyser"",","""geyser"",","""geyser"",","""geyser"","
image_figures_18.png,"""boathouse"",","""sawmill"",","""alp"",","""cliff"",","""alp"","
image_figures_19.png,"""sawmill"",","""shoal"",","""sawmill"",","""split-rail fence"",","""split-rail fence"","
image_figures_20.png,"""passenger car"",","""split-rail fence"",","""passenger car"",","""mobile home"",","""mobile home"","
image_figures_21.png,"""solar thermal collector"",","""freight car"",","""lakeshore"",","""solar thermal collector"",","""greenhouse"","
image_figures_22.png,"""cliff"",","""forklift"",","""cliff"",","""canoe"",","""valley"","
image_figures_23.png,"""church"",","""stupa"",","""flagpole"",","""church"",","""barn"","
image_figures_24.png,"""geyser"",","""split-rail fence"",","""split-rail fence"",","""split-rail fence"",","""split-rail fence"","
image_figures_25.png,"""geyser"",","""shoal"",","""shoal"",","""shoal"",","""geyser"","
image_figures_26.png,"""shoal"",","""cliff"",","""mountain bike"",","""shoal"",","""shoal"","
image_figures_27.png,"""wheelbarrow"",","""warthog"",","""mountain bike"",","""shoal"",","""mountain bike"","
image_figures_28.png,"""shoal"",","""mountain bike"",","""jeep"",","""jeep"",","""geyser"","
image_figures_29.png,"""split-rail fence"",","""sawmill"",","""suspension bridge"",","""plow"",","""plow"","
image_figures_30.png,"""shoal"",","""shoal"",","""shoal"",","""shoal"",","""shoal"","
image_figures_31.png,"""dam"",","""alp"",","""alp"",","""valley"",","""dam"","
image_figures_32.png,"""pole"",","""pole"",","""pole"",","""pole"",","""pole"","
image_figures_33.png,"""pole"",","""umbrella"",","""suspension bridge"",","""pole"",","""pole"","
image_figures_34.png,"""sawmill"",","""alp"",","""mountain bike"",","""geyser"",","""geyser"","
image_figures_35.png,"""pole"",","""horizontal bar"",","""horizontal bar"",","""pole"",","""pole"","
image_figures_36.png,"""parallel bars"",","""valley"",","""parallel bars"",","""suspension bridge"",","""plow"","
image_figures_37.png,"""parallel bars"",","""swing"",","""swing"",","""swing"",","""swing"","
image_figures_38.png,"""valley"",","""cliff"",","""valley"",","""apiary"",","""apiary"","
image_figures_39.png,"""split-rail fence"",","""shoal"",","""lakeshore"",","""shoal"",","""maze"","
image_figures_40.png,"""valley"",","""cliff"",","""cliff"",","""valley"",","""valley"","
image_figures_41.png,"""geyser"",","""valley"",","""valley"",","""valley"",","""valley"","
image_figures_42.png,"""split-rail fence"",","""alp"",","""lakeshore"",","""mountain bike"",","""valley"","
image_figures_43.png,"""mobile home"",","""swing"",","""pole"",","""mobile home"",","""swing"","
image_figures_44.png,"""cliff"",","""cliff"",","""cliff"",","""cliff"",","""castle"","
image_figures_45.png,"""barn"",","""stupa"",","""bell-cot"",","""birdhouse"",","""birdhouse"","
image_figures_46.png,"""yurt"",","""yurt"",","""yurt"",","""yurt"",","""yurt"","
image_figures_47.png,"""shoal"",","""shoal"",","""swing"",","""sawmill"",","""shoal"","
image_figures_48.png,"""shoal"",","""bullock cart"",","""sawmill"",","""shoal"",","""shoal"","
image_figures_49.png,"""cliff"",","""cliff"",","""cliff"",","""cliff"",","""cliff"","
image_figures_50.png,"""lakeshore"",","""mountain bike"",","""mountain bike"",","""mountain bike"",","""mountain bike"","
image_figures_51.png,"""cliff"",","""nail"",","""cliff"",","""dam"",","""cliff"","
image_figures_52.png,"""passenger car"",","""chain-link fence"",","""passenger car"",","""freight car"",","""steam locomotive"","
image_figures_53.png,"""stretcher"",","""stretcher"",","""cliff"",","""stretcher"",","""stretcher"","
image_figures_54.png,"""lakeshore"",","""geyser"",","""lakeshore"",","""lakeshore"",","""lakeshore"","
image_figures_55.png,"""dam"",","""dam"",","""shoal"",","""shoal"",","""shoal"","
image_figures_56.png,"""sawmill"",","""cliff dwelling"",","""mountain bike"",","""mailbox"",","""viaduct"","
image_figures_57.png,"""dam"",","""lakeshore"",","""dam"",","""cliff"",","""viaduct"","
image_figures_58.png,"""pole"",","""pole"",","""pole"",","""pole"",","""pole"","
image_figures_59.png,"""mountain bike"",","""hay"",","""mountain bike"",","""volcano"",","""valley"","
image_figures_60.png,"""go-kart"",","""breakwater"",","""maze"",","""hay"",","""maze"","
image_figures_61.png,"""tow truck"",","""crane (machine)"",","""crane (machine)"",","""crane (machine)"",","""crane (machine)"","
image_figures_62.png,"""canoe"",","""mountain bike"",","""mountain bike"",","""bobsleigh"",","""bobsleigh"","
image_figures_63.png,"""geyser"",","""shoal"",","""shoal"",","""mountain bike"",","""geyser"","
image_figures_64.png,"""alp"",","""split-rail fence"",","""alp"",","""volcano"",","""alp"","
image_figures_65.png,"""dam"",","""suspension bridge"",","""pole"",","""dam"",","""hay"","
image_figures_66.png,"""split-rail fence"",","""pier"",","""dock"",","""pole"",","""electric locomotive"","
image_figures_67.png,"""split-rail fence"",","""alp"",","""maze"",","""barn"",","""barn"","
image_figures_68.png,"""pole"",","""seashore"",","""pole"",","""pole"",","""pole"","
image_figures_69.png,"""race car"",","""taxicab"",","""jeep"",","""tow truck"",","""ambulance"","
image_figures_70.png,"""pole"",","""pole"",","""pole"",","""pole"",","""pole"","
image_figures_71.png,"""alp"",","""alp"",","""alp"",","""dam"",","""greenhouse"","
image_figures_72.png,"""cliff"",","""cliff"",","""cliff"",","""cliff"",","""cliff"","
image_figures_73.png,"""yurt"",","""mobile home"",","""mobile home"",","""yurt"",","""mobile home"","
image_figures_74.png,"""stretcher"",","""threshing machine"",","""swing"",","""greenhouse"",","""greenhouse"","
image_figures_75.png,"""mountain bike"",","""park bench"",","""stone wall"",","""stone wall"",","""mountain bike"","
image_figures_76.png,"""Australian Kelpie"",","""sunscreen"",","""tent"",","""tent"",","""tent"","
image_figures_77.png,"""garbage truck"",","""garbage truck"",","""garbage truck"",","""garbage truck"",","""garbage truck"","
image_figures_78.png,"""hartebeest"",","""mountain bike"",","""valley"",","""mountain bike"",","""mountain bike"","
image_figures_79.png,"""split-rail fence"",","""shoal"",","""lakeshore"",","""mountain bike"",","""geyser"","
image_figures_80.png,"""valley"",","""split-rail fence"",","""valley"",","""valley"",","""valley"","
image_figures_81.png,"""pole"",","""steam locomotive"",","""pole"",","""mobile home"",","""electric locomotive"","
image_figures_82.png,"""dam"",","""tractor"",","""dam"",","""dam"",","""snowplow"","
image_figures_83.png,"""split-rail fence"",","""patio"",","""cliff"",","""baluster"",","""thatched roof"","
image_figures_84.png,"""wheelbarrow"",","""wheelbarrow"",","""wheelbarrow"",","""wheelbarrow"",","""wheelbarrow"","
image_figures_85.png,"""pole"",","""pole"",","""pole"",","""pole"",","""pole"","
image_figures_86.png,"""split-rail fence"",","""breakwater"",","""electric locomotive"",","""split-rail fence"",","""freight car"","
image_figures_87.png,"""ear"",","""monastery"",","""cliff"",","""chainsaw"",","""chainsaw"","
image_figures_88.png,"""sawmill"",","""mountain bike"",","""geyser"",","""mountain bike"",","""geyser"","
image_figures_89.png,"""water tower"",","""missile"",","""water tower"",","""semi-trailer truck"",","""shopping cart"","
image_figures_90.png,"""valley"",","""alp"",","""valley"",","""valley"",","""valley"","
image_figures_91.png,"""picket fence"",","""parachute"",","""alp"",","""flagpole"",","""traffic light"","
image_figures_92.png,"""chain-link fence"",","""chain-link fence"",","""chain-link fence"",","""chain-link fence"",","""chain-link fence"","
image_figures_93.png,"""water tower"",","""water tower"",","""split-rail fence"",","""pole"",","""hay"","
image_figures_94.png,"""waste container"",","""rain barrel"",","""punching bag"",","""rain barrel"",","""rain barrel"","
image_figures_95.png,"""valley"",","""alp"",","""alp"",","""alp"",","""valley"","
image_figures_96.png,"""alp"",","""alp"",","""alp"",","""alp"",","""valley"","
image_figures_97.png,"""mountain bike"",","""mountain bike"",","""garbage truck"",","""plow"",","""mountain bike"","
image_figures_98.png,"""cliff"",","""feather boa"",","""cliff"",","""cliff"",","""cliff"","
image_figures_99.png,"""baseball player"",","""baseball player"",","""shoal"",","""shoal"",","""shoal"","
image_figures_100.png,"""mobile home"",","""mobile home"",","""sawmill"",","""mobile home"",","""mobile home"","
image_figures_101.png,"""solar thermal collector"",","""breastplate"",","""solar thermal collector"",","""Afghan Hound"",","""yurt"","
image_figures_102.png,"""sarong"",","""canoe"",","""torch"",","""minibus"",","""binoculars"","
image_figures_103.png,"""prison"",","""maypole"",","""pulled rickshaw"",","""prison"",","""prison"","
image_figures_104.png,"""academic gown"",","""maypole"",","""military uniform"",","""academic gown"",","""pulled rickshaw"","
image_figures_105.png,"""restaurant"",","""gondola"",","""ski"",","""paintbrush"",","""sliding door"","
image_figures_106.png,"""garfish"",","""bullock cart"",","""coho salmon"",","""sturgeon"",","""garfish"","
image_figures_107.png,"""bobsleigh"",","""cello"",","""acoustic guitar"",","""cello"",","""clogs"","
image_figures_108.png,"""bulletproof vest"",","""square academic cap"",","""handkerchief"",","""sunscreen"",","""square academic cap"","
image_figures_109.png,"""shoe store"",","""shoe store"",","""turnstile"",","""prison"",","""prison"","
image_figures_110.png,"""lakeshore"",","""lakeshore"",","""lakeshore"",","""lakeshore"",","""lakeshore"","
image_figures_111.png,"""restaurant"",","""restaurant"",","""restaurant"",","""shoe store"",","""basketball"","
image_figures_112.png,"""stretcher"",","""swimming cap"",","""cliff"",","""bulletproof vest"",","""cliff"","
image_figures_113.png,"""restaurant"",","""movie theater"",","""restaurant"",","""patio"",","""patio"","
image_figures_114.png,"""prison"",","""moving van"",","""sawmill"",","""sawmill"",","""sliding door"","
image_figures_115.png,"""restaurant"",","""library"",","""restaurant"",","""library"",","""stretcher"","
image_figures_116.png,"""lakeshore"",","""apiary"",","""valley"",","""apiary"",","""apiary"","
image_figures_117.png,"""lakeshore"",","""wheelbarrow"",","""maze"",","""shopping cart"",","""stone wall"","
image_figures_118.png,"""minivan"",","""minivan"",","""minivan"",","""minivan"",","""minivan"","
image_figures_119.png,"""solar thermal collector"",","""turnstile"",","""accordion"",","""swing"",","""swing"","
image_figures_120.png,"""shovel"",","""lakeshore"",","""unicycle"",","""school bus"",","""valley"","
image_figures_121.png,"""sawmill"",","""sawmill"",","""sawmill"",","""maze"",","""maze"","
image_figures_122.png,"""maze"",","""maze"",","""maze"",","""stretcher"",","""maze"","
image_figures_123.png,"""shoal"",","""valley"",","""cliff dwelling"",","""maze"",","""maze"","
image_figures_124.png,"""canoe"",","""balloon"",","""bobsleigh"",","""canoe"",","""canoe"","
image_figures_125.png,"""maze"",","""volleyball"",","""maze"",","""maze"",","""maze"","
image_figures_126.png,"""mountain bike"",","""maze"",","""mountain bike"",","""maze"",","""maze"","
image_figures_127.png,"""shoal"",","""maze"",","""volcano"",","""volcano"",","""valley"","
image_figures_128.png,"""sawmill"",","""cliff"",","""sawmill"",","""stretcher"",","""stretcher"","
image_figures_129.png,"""thatched roof"",","""umbrella"",","""cliff"",","""dam"",","""picket fence"","
image_figures_130.png,"""torch"",","""garfish"",","""toilet paper""]","""torch"",","""apiary"","
image_figures_131.png,"""tow truck"",","""pickup truck"",","""pickup truck"",","""tow truck"",","""pickup truck"","
image_figures_132.png,"""minivan"",","""pulled rickshaw"",","""minivan"",","""minivan"",","""minivan"","
image_figures_133.png,"""sawmill"",","""horizontal bar"",","""swing"",","""thatched roof"",","""sawmill"","
image_figures_134.png,"""shovel"",","""solar thermal collector"",","""crutch"",","""crutch"",","""bow"","
image_figures_135.png,"""solar thermal collector"",","""shopping cart"",","""waste container"",","""chainsaw"",","""toucan"","
image_figures_136.png,"""Dobermann"",","""Saluki"",","""Irish Wolfhound"",","""shoal"",","""shoal"","
image_figures_137.png,"""aircraft carrier"",","""maze"",","""alp"",","""unicycle"",","""go-kart"","
image_figures_138.png,"""home theater"",","""automated teller machine"",","""sliding door"",","""sliding door"",","""sliding door"","
image_figures_139.png,"""mountain bike"",","""mountain bike"",","""alp"",","""split-rail fence"",","""picket fence"","
image_figures_140.png,"""library"",","""syringe"",","""Christmas stocking"",","""apron"",","""apron"","
image_figures_141.png,"""jigsaw puzzle"",","""jigsaw puzzle"",","""envelope"",","""handkerchief"",","""jigsaw puzzle"","
image_figures_142.png,"""traffic sign"",","""traffic sign"",","""pole"",","""pole"",","""pole"","
image_figures_143.png,"""carousel"",","""carousel"",","""carousel"",","""carousel"",","""restaurant"","
image_figures_144.png,"""toy store"",","""bulletproof vest"",","""comic book"",","""broom"",","""jigsaw puzzle"","
image_figures_145.png,"""printer"",","""laptop computer"",","""desk"",","""desk"",","""quill"","
image_figures_146.png,"""maypole"",","""maypole"",","""stretcher"",","""maypole"",","""maypole"","
image_figures_147.png,"""sawmill"",","""accordion"",","""tile roof"",","""gas pump"",","""sawmill"","
image_figures_148.png,"""sawmill"",","""military uniform"",","""forklift"",","""sturgeon"",","""solar thermal collector"","
image_figures_149.png,"""mountain bike"",","""mountain bike"",","""jeep"",","""mountain bike"",","""mountain bike"","
image_figures_150.png,"""sawmill"",","""chainsaw"",","""chainsaw"",","""overskirt"",","""sleeping bag"","
image_figures_151.png,"""sawmill"",","""volleyball"",","""maze"",","""plow"",","""maze"","
image_figures_152.png,"""minibus"",","""school bus"",","""trolleybus"",","""fire engine"",","""trolleybus"","
image_figures_153.png,"""chainsaw"",","""moped"",","""moped"",","""scooter"",","""parking meter"","
image_figures_154.png,"""stretcher"",","""moving van"",","""moving van"",","""waste container"",","""moving van"","
image_figures_155.png,"""geyser"",","""mailbox"",","""geyser"",","""brass"",","""solar thermal collector"","
image_figures_156.png,"""threshing machine"",","""mountain bike"",","""maze"",","""plow"",","""sawmill"","
image_figures_157.png,"""restaurant"",","""restaurant"",","""cello"",","""barbershop"",","""restaurant"","
image_figures_158.png,"""swing"",","""swing"",","""catamaran"",","""swing"",","""swing"","
image_figures_159.png,"""desk"",","""toaster"",","""microwave oven"",","""microwave oven"",","""microwave oven"","
image_figures_160.png,"""restaurant"",","""restaurant"",","""restaurant"",","""restaurant"",","""restaurant"","
image_figures_161.png,"""dromedary"",","""sawmill"",","""sawmill"",","""ox"",","""dam"","
image_figures_162.png,"""solar thermal collector"",","""laptop computer"",","""solar thermal collector"",","""solar thermal collector"",","""folding chair"","
image_figures_163.png,"""barbershop"",","""restaurant"",","""shoe store"",","""barbershop"",","""barbershop"","
image_figures_164.png,"""library"",","""turnstile"",","""library"",","""turnstile"",","""library"","
image_figures_165.png,"""sawmill"",","""moving van"",","""pole"",","""picket fence"",","""pole"","
image_figures_166.png,"""minivan"",","""golf cart"",","""minivan"",","""minivan"",","""minivan"","
image_figures_167.png,"""sawmill"",","""apiary"",","""garbage truck"",","""stone wall"",","""stone wall"","
image_figures_168.png,"""Afghan Hound"",","""restaurant"",","""library"",","""restaurant"",","""restaurant"","
image_figures_169.png,"""fire engine"",","""fire engine"",","""fire engine"",","""fire engine"",","""fire engine"","
image_figures_170.png,"""shoal"",","""maze"",","""shoal"",","""stretcher"",","""swing"","
image_figures_171.png,"""shipwreck"",","""shipwreck"",","""cliff dwelling"",","""shipwreck"",","""shipwreck"","
image_figures_172.png,"""solar thermal collector"",","""parachute"",","""grocery store"",","""plastic bag"",","""grocery store"","
image_figures_173.png,"""high-speed train"",","""restaurant"",","""library"",","""library"",","""library"","
image_figures_174.png,"""barbershop"",","""billiard table"",","""barbershop"",","""barbershop"",","""bobsleigh"","
image_figures_175.png,"""lakeshore"",","""geyser"",","""lakeshore"",","""valley"",","""valley"","
image_figures_176.png,"""stretcher"",","""mountain bike"",","""stretcher"",","""stretcher"",","""chainsaw"","
image_figures_177.png,"""traffic sign"",","""traffic sign"",","""traffic sign"",","""pole"",","""pole"","
image_figures_178.png,"""mountain bike"",","""traffic sign"",","""traffic sign"",","""cliff dwelling"",","""traffic sign"","
image_figures_179.png,"""restaurant"",","""restaurant"",","""folding chair"",","""restaurant"",","""restaurant"","
image_figures_180.png,"""pole"",","""minivan"",","""pole"",","""pole"",","""pole"","
image_figures_181.png,"""library"",","""library"",","""library"",","""library"",","""library"","
image_figures_182.png,"""apiary"",","""birdhouse"",","""mobile home"",","""mobile home"",","""mobile home"","
image_figures_183.png,"""barbershop"",","""hand plane"",","""library"",","""lab coat"",","""library"","
image_figures_184.png,"""wardrobe"",","""couch"",","""stretcher"",","""four-poster bed"",","""home theater"","
image_figures_185.png,"""crane (machine)"",","""crane (machine)"",","""steam locomotive"",","""pirate ship"",","""crane (machine)"","
image_figures_186.png,"""threshing machine"",","""mountain bike"",","""split-rail fence"",","""maze"",","""ear"","
image_figures_187.png,"""restaurant"",","""restaurant"",","""restaurant"",","""barbershop"",","""barbershop"","
image_figures_188.png,"""toy store"",","""laptop computer"",","""Gordon Setter"",","""Rottweiler"",","""restaurant"","
image_figures_189.png,"""movie theater"",","""volleyball"",","""movie theater"",","""movie theater"",","""volleyball"","
image_figures_190.png,"""seashore"",","""seashore"",","""valley"",","""valley"",","""stone wall"","
image_figures_191.png,"""traffic light"",","""shoal"",","""solar thermal collector"",","""canoe"",","""pole"","
image_figures_192.png,"""prison"",","""restaurant"",","""restaurant"",","""library"",","""library"","
image_figures_193.png,"""restaurant"",","""library"",","""library"",","""desk"",","""library"","
image_figures_194.png,"""prison"",","""couch"",","""projector"",","""library"",","""projector"","
image_figures_195.png,"""ski"",","""knee pad"",","""ski"",","""bobsleigh"",","""bobsleigh"","
image_figures_196.png,"""sports car"",","""minivan"",","""car wheel"",","""sports car"",","""sports car"","
image_figures_197.png,"""toy store"",","""bookstore"",","""guillotine"",","""guillotine"",","""hair spray"","
image_figures_198.png,"""toy store"",","""stage"",","""toy store"",","""lifeboat"",","""unicycle"","
image_figures_199.png,"""tusker"",","""stretcher"",","""African bush elephant"",","""chainsaw"",","""chainsaw"","
image_figures_200.png,"""chainsaw"",","""mobile home"",","""sawmill"",","""chainsaw"",","""dam"","
image_figures_201.png,"""unicycle"",","""turnstile"",","""turnstile"",","""stage"",","""paddle wheel"","
image_figures_202.png,"""Tibetan Mastiff"",","""butcher shop"",","""Tibetan Mastiff"",","""Tibetan Mastiff"",","""turnstile"","
image_figures_203.png,"""mobile home"",","""mobile home"",","""mobile home"",","""mobile home"",","""freight car"","
image_figures_204.png,"""stretcher"",","""punching bag"",","""planetarium"",","""punching bag"",","""punching bag"","
image_figures_205.png,"""restaurant"",","""library"",","""restaurant"",","""folding chair"",","""library"","
image_figures_206.png,"""race car"",","""race car"",","""race car"",","""ambulance"",","""race car"","
image_figures_207.png,"""restaurant"",","""movie theater"",","""restaurant"",","""library"",","""restaurant"","
image_figures_208.png,"""sawmill"",","""suspension bridge"",","""suspension bridge"",","""suspension bridge"",","""sawmill"","
image_figures_209.png,"""sawmill"",","""valley"",","""sawmill"",","""sawmill"",","""stretcher"","
image_figures_210.png,"""restaurant"",","""stage"",","""restaurant"",","""desk"",","""CRT screen"","
image_figures_211.png,"""alp"",","""cliff"",","""cliff"",","""cliff"",","""cliff"","
image_figures_212.png,"""cliff"",","""ostrich"",","""megalith"",","""megalith"",","""shovel"","
image_figures_213.png,"""garbage truck"",","""garbage truck"",","""garbage truck"",","""garbage truck"",","""garbage truck"","
image_figures_214.png,"""crane (machine)"",","""sawmill"",","""harvester"",","""sawmill"",","""plow"","
image_figures_215.png,"""hay"",","""hay"",","""hay"",","""hay"",","""thatched roof"","
image_figures_216.png,"""valley"",","""valley"",","""cliff"",","""cliff"",","""cliff"","
image_figures_217.png,"""promontory"",","""promontory"",","""valley"",","""valley"",","""valley"","
image_figures_218.png,"""valley"",","""valley"",","""valley"",","""valley"",","""valley"","
image_figures_219.png,"""split-rail fence"",","""dhole"",","""stone wall"",","""stone wall"",","""lakeshore"","
image_figures_220.png,"""impala"",","""hartebeest"",","""cliff"",","""vulture"",","""seashore"","
image_figures_221.png,"""valley"",","""cliff"",","""valley"",","""valley"",","""valley"","
image_figures_222.png,"""valley"",","""valley"",","""valley"",","""valley"",","""valley"","
image_figures_223.png,"""American black bear"",","""lakeshore"",","""American black bear"",","""American black bear"",","""stone wall"","
image_figures_224.png,"""split-rail fence"",","""impala"",","""ear"",","""mountain bike"",","""stone wall"","
image_figures_225.png,"""lakeshore"",","""barn"",","""lakeshore"",","""split-rail fence"",","""alp"","
image_figures_226.png,"""swing"",","""stone wall"",","""ostrich"",","""mountain bike"",","""stone wall"","
image_figures_227.png,"""cliff"",","""valley"",","""lakeshore"",","""cliff"",","""valley"","
image_figures_228.png,"""bison"",","""barn"",","""geyser"",","""geyser"",","""dam"","
image_figures_229.png,"""bison"",","""barn"",","""geyser"",","""geyser"",","""dam"","
image_figures_230.png,"""hartebeest"",","""split-rail fence"",","""African bush elephant"",","""cliff dwelling"",","""valley"","
image_figures_231.png,"""hartebeest"",","""split-rail fence"",","""African bush elephant"",","""cliff dwelling"",","""valley"","
image_figures_232.png,"""valley"",","""alp"",","""alp"",","""alp"",","""valley"","
image_figures_233.png,"""valley"",","""geyser"",","""volcano"",","""mountain bike"",","""geyser"","
image_figures_234.png,"""lakeshore"",","""lakeshore"",","""lakeshore"",","""lakeshore"",","""valley"","
image_figures_235.png,"""lakeshore"",","""park bench"",","""lakeshore"",","""viaduct"",","""viaduct"","
image_figures_236.png,"""valley"",","""valley"",","""cliff"",","""valley"",","""cliff dwelling"","
image_figures_237.png,"""valley"",","""cliff"",","""valley"",","""valley"",","""valley"","
image_figures_238.png,"""valley"",","""valley"",","""valley"",","""valley"",","""valley"","
image_figures_239.png,"""cliff"",","""cliff"",","""cliff"",","""valley"",","""cliff"","
image_figures_240.png,"""split-rail fence"",","""stone wall"",","""stone wall"",","""stone wall"",","""stone wall"","
image_figures_241.png,"""alp"",","""alp"",","""alp"",","""alp"",","""alp"","
image_figures_242.png,"""promontory"",","""promontory"",","""promontory"",","""promontory"",","""lakeshore"","
image_figures_243.png,"""alp"",","""volcano"",","""stone wall"",","""shoal"",","""volcano"","
image_figures_244.png,"""volcano"",","""volcano"",","""volcano"",","""volcano"",","""volcano"","
image_figures_245.png,"""cardoon"",","""African wild dog"",","""cardoon"",","""valley"",","""valley"","
image_figures_246.png,"""dumbbell"",","""crutch"",","""stretcher"",","""stretcher"",","""tricycle"","
image_figures_247.png,"""crane (machine)"",","""paddle wheel"",","""shopping cart"",","""dog sled"",","""gondola"","
image_figures_248.png,"""maze"",","""water bottle"",","""maze"",","""maze"",","""stone wall"","
image_figures_249.png,"""valley"",","""cliff"",","""cliff"",","""valley"",","""cliff"","
image_figures_250.png,"""seashore"",","""geyser"",","""shoal"",","""valley"",","""geyser"","
image_figures_251.png,"""wallaby"",","""chainsaw"",","""wombat"",","""hen"",","""Miniature Poodle"","
image_figures_252.png,"""stretcher"",","""mountain bike"",","""stretcher"",","""chainsaw"",","""chainsaw"","
image_figures_253.png,"""umbrella"",","""greenhouse"",","""ladybug"",","""macaw"",","""cliff"","
image_figures_254.png,"""valley"",","""horse-drawn vehicle"",","""horse-drawn vehicle"",","""bullock cart"",","""valley"","
image_figures_255.png,"""pinwheel"",","""scooter"",","""cliff"",","""cliff"",","""cliff"","
image_figures_256.png,"""red panda"",","""macaw"",","""red panda"",","""cliff"",","""cliff"","
image_figures_257.png,"""stretcher"",","""shower cap"",","""stretcher"",","""mountain bike"",","""cuirass"","
image_figures_258.png,"""apiary"",","""plow"",","""cauldron"",","""bow"",","""tripod"","
image_figures_259.png,"""valley"",","""shower cap"",","""sawmill"",","""mountain bike"",","""jeep"","
image_figures_260.png,"""minivan"",","""moving van"",","""minivan"",","""minivan"",","""minivan"","
image_figures_261.png,"""tow truck"",","""tow truck"",","""tow truck"",","""semi-trailer truck"",","""jeep"","
image_figures_262.png,"""school bus"",","""jeep"",","""steam locomotive"",","""jeep"",","""electric locomotive"","
image_figures_263.png,"""volcano"",","""steam locomotive"",","""geyser"",","""volcano"",","""volcano"","
image_figures_264.png,"""lakeshore"",","""park bench"",","""lakeshore"",","""lakeshore"",","""lakeshore"","
image_figures_265.png,"""red panda"",","""macaw"",","""red panda"",","""cliff"",","""cliff"","
image_figures_266.png,"""harvester"",","""harvester"",","""harvester"",","""harvester"",","""harvester"","
image_figures_267.png,"""football helmet"",","""balloon"",","""semi-trailer truck"",","""tractor"",","""snowmobile"","
image_figures_268.png,"""stretcher"",","""shower cap"",","""stretcher"",","""mountain bike"",","""cuirass"","
image_figures_269.png,"""valley"",","""wheelbarrow"",","""swing"",","""cliff"",","""valley"","
image_figures_270.png,"""cliff"",","""ptarmigan"",","""cliff"",","""cliff"",","""cliff"","
image_figures_271.png,"""recreational vehicle"",","""steam locomotive"",","""geyser"",","""semi-trailer truck"",","""geyser"","
image_figures_272.png,"""hartebeest"",","""rapeseed"",","""impala"",","""barn"",","""impala"","
image_figures_273.png,"""parachute"",","""parachute"",","""parachute"",","""parachute"",","""black grouse"","
image_figures_274.png,"""paddle"",","""academic gown"",","""banana"",","""mountain bike"",","""shield"","
image_figures_275.png,"""sturgeon"",","""cauldron"",","""geyser"",","""tent"",","""chainsaw"","
image_figures_276.png,"""geyser"",","""geyser"",","""geyser"",","""geyser"",","""megalith"","
image_figures_277.png,"""geyser"",","""geyser"",","""geyser"",","""semi-trailer truck"",","""geyser"","
image_figures_278.png,"""geyser"",","""geyser"",","""geyser"",","""geyser"",","""geyser"","
image_figures_279.png,"""alp"",","""lifeboat"",","""umbrella"",","""chainsaw"",","""chainsaw"","
image_figures_280.png,"""geyser"",","""geyser"",","""lakeshore"",","""geyser"",","""geyser"","
image_figures_281.png,"""fire screen sheet"",","""fire screen sheet"",","""fire screen sheet"",","""fire screen sheet"",","""fire screen sheet"","
image_figures_282.png,"""military aircraft"",","""pelican"",","""projectile"",","""lakeshore"",","""military aircraft"","
image_figures_283.png,"""geyser"",","""geyser"",","""geyser"",","""alp"",","""valley"","
image_figures_284.png,"""volcano"",","""projectile"",","""jeep"",","""jeep"",","""volcano"","
image_figures_285.png,"""plow"",","""stretcher"",","""cauldron"",","""shovel"",","""plow"","
image_figures_286.png,"""semi-trailer truck"",","""geyser"",","""snowplow"",","""snowplow"",","""snowplow"","
image_figures_287.png,"""snowmobile"",","""chainsaw"",","""ski"",","""chainsaw"",","""chainsaw"","
image_figures_288.png,"""minibus"",","""fireboat"",","""ambulance"",","""ambulance"",","""electric locomotive"","
image_figures_289.png,"""reel"",","""military uniform"",","""scuba diver"",","""mountain bike"",","""bow"","
image_figures_290.png,"""tow truck"",","""projectile"",","""swimming cap"",","""tow truck"",","""tractor"","
image_figures_291.png,"""geyser"",","""geyser"",","""geyser"",","""geyser"",","""geyser"","
image_figures_292.png,"""steam locomotive"",","""geyser"",","""semi-trailer truck"",","""steam locomotive"",","""steam locomotive"","
image_figures_293.png,"""geyser"",","""cannon"",","""geyser"",","""steam locomotive"",","""geyser"","
image_figures_294.png,"""sturgeon"",","""paddle"",","""cliff"",","""paddle"",","""tent"","
image_figures_295.png,"""tent"",","""alp"",","""minivan"",","""recreational vehicle"",","""recreational vehicle"","
image_figures_296.png,"""geyser"",","""geyser"",","""geyser"",","""geyser"",","""geyser"","
image_figures_297.png,"""harvester"",","""parachute"",","""harvester"",","""harvester"",","""tractor"","
image_figures_298.png,"""geyser"",","""alp"",","""alp"",","""geyser"",","""volcano"","
image_figures_299.png,"""valley"",","""cliff"",","""valley"",","""valley"",","""valley"","
image_figures_300.png,"""alp"",","""volcano"",","""volcano"",","""volcano"",","""volcano"","
image_figures_301.png,"""seashore"",","""fireboat"",","""motorboat"",","""snorkel"",","""paddle"","
image_figures_302.png,"""volcano"",","""geyser"",","""volcano"",","""volcano"",","""volcano"","
image_figures_303.png,"""volcano"",","""volcano"",","""volcano"",","""mountain bike"",","""alp"","
image_figures_304.png,"""lakeshore"",","""lakeshore"",","""promontory"",","""grey whale"",","""lakeshore"","
image_figures_305.png,"""volcano"",","""geyser"",","""geyser"",","""volcano"",","""volcano"","
